{
  "alpha_single": 1.024999976158142,
  "alpha_per_target": {
    "SPEI_30d": 1.024999976158142,
    "SPEI_1y": 0.949999988079071,
    "SPEI_2y": 1.0750000476837158
  }
}