{
  "targets": [
    "SPEI_30d",
    "SPEI_1y",
    "SPEI_2y"
  ],
  "mean": [
    0.0954570323228836,
    0.31855493783950806,
    0.4589710235595703
  ],
  "std": [
    1.0255564451217651,
    1.0673730373382568,
    1.0979708433151245
  ]
}